Ballard,Marlin     111762415 ballard3 0101 38 40  59  93   89.230 
Centofonti,Corey   111425389 ccentofo 0101 26 33  60  68   67.660 
Cho,Paul           110798811 pcho     0101 20 32  91  62   66.010 
Freundel,Daniel    112198596 dfreunde 0101 24  0  72  72   67.110 
Gebregiorgis,Micha 110746331 mikasent 0101 40 32  92  95   94.040 
Gheysens,Stephen   111224296 gheysens 0101 23 32  20  74   66.570 
Gruen,Jeffrey      111793808 jgruen32 0101 40 40  83  94   93.310 
Hafez,Adam         112137359 ahafez   0101 37 31  72  83   81.840 
Huber,Sterling     111426133 shuber12 0101 35 40  69  88   86.270 
Krynitsky,Jonathan 110034254 jkrynits 0101 38 30  95  88   88.530 
Lain,Justin        111839049 jlainn   0101 38 40  50  87   83.550 
Le,Richard         111119912 rle1     0101 15 28  64  66   64.320 
Lees,Todd          111032341 tlees    0101 34 36  67  81   79.990 
Lutz,Tim           111247943 tlutz    0101 17  0  82  73   68.110 
Mangino,Joseph     111867363 jmangino 0101 40  0  20  88   74.990 
May-West,Derek     111276042 dmaywest 0101  0 40  42  75   67.920 
Neumaier,Bradley   111613502 bneumaie 0101 35 33  86  81   82.100 
Pannella,Sean      111961634 spannell 0101 23 38  59  91   85.240 
Quispe,Diego       111275786 dquispe  0101 22 36  85  72   73.700 
Randall,Stephen    111688913 srandall 0101 40 36  76  84   84.270 
Riveros,Daniel     111506422 driveros 0101 29 23  33  57   54.900 
Samel,Rasmeyleina  111301386 rsamel   0101 26 26  69  59   60.960 
Semick,David       112146184 dsemick  0101 30 37  68  75   75.140 
Shivkumar,Anirudh  111188628 ashivkum 0101  0  0   0   0    0.000 
Snyder,Christopher 110947776 cmsnyder 0101 26  0  78  65   62.850 
Tran,Anh           112126346 atran124 0101 34 18  50  68   65.380 
Tran,Timothy       110528722 tim2tran 0101 28 40  51  58   60.260 
Uehling,Luke       111789627 luehling 0101 28 38  68  82   80.290 
