Alemu,Elfalem      111245475 elfalem  0102 38 40  85  77   80.400 
Beaudoin,Judith    111177196 jbeaudoi 0102 36 38  62  80   79.180 
Chen,YiShan        111216253 ychen123 0102 23 36  81  82   80.910 
Di,Jiayi           112140106 jdi      0102 36 32  72  87   84.870 
Gilles,Stephen     111668830 sgilles  0102 40 40  95  96   96.340 
Karroumi,Nabil     111519576 nkarroum 0102 26 17  62  67   64.830 
Kempenich,Gilad    111270217 gkempeni 0102  0  0  40  90   73.200 
Kyaw,Pyae          111623020 pkyaw    0102 36 28  43  75   71.540 
Liang,Yuan         110727040 ytliang  0102 19  0  35  44   40.500 
Little,Geoff       111205776 glittle  0102 40 31  84  80   81.520 
Lundfelt,Tyler     111230976 tlundfel 0102 15 34  91  86   83.750 
Masigla,Pauline    111222247 pmasigla 0102  0  0  20  63   50.230 
McNerney,Kevin     111179039 kmm17    0102 29 25  54  61   60.870 
Morton,Steven      111575374 smorton  0102 29 34  50   0   15.490 
Nguyen,Viet        110604969 viyen    0102 36 36 100  82   85.200 
Ray,Arindom        111203482 arinray  0102 37 30  74  78   78.170 
Rogan,Carol        110539469 crogan   0102 24  0  39  51   47.040 
Saboori,Alireza    110446446 asaboori 0102 34  0  20   0    7.480 
Tanner,Edward      111222919 etanner1 0102 31 40  87  89   88.720 
Townsend-Last,Simo 111762439 slast    0102 38 40  79  89   88.730 
Uduka,Egburonu     111271672 euduka   0102 32 28  20  70   64.270 
Wu,Alex            111236695 awu300   0102 33 40  53  79   77.150 
Yee,Alexander      111828470 yeealex  0102 36 40  87  85   86.420 
