Bakirci,Nathan     111235506 nbakirci 0103 39 36  59  79   78.190 
Barrett,John       110954293 jbarret3 0103 33  0  30  61   54.790 
Buchbinder,Julien  111164295 jbuchbin 0103 40 40  68  87   86.120 
Carter,Ian         111205165 icarter  0103 40 38  86  81   83.550 
Cassedy,Stephen    111226160 scassedy 0103 24 32  72  77   75.550 
Crouch,Edward      111764969 ecrouch1 0103 38 40  68  79   79.770 
Dunlop,Peter       111660384 pdunlop  0103 37 36  59  93   88.500 
Franck,Johnathan   111257690 jafranck 0103 36 39 100  93   93.970 
Hogan,Kevin        111123087 khogan   0103 38 40  95  76   80.900 
Jackson,Mark       112077907 mdjackso 0103 40 39  62  64   67.800 
Jessup,James       109112284 jfjessup 0103 23 40  77  82   80.990 
Jonas,Benjamin     111255559 bjonas   0103 34 39  62  80   79.040 
Kim,Jin            111433650 jbkim    0103 39 40  55  71   72.210 
Klein,Jarrett      112118273 jdklein  0103 37 34  82  70   73.700 
Koehler,Joshua     111225996 jskoeh9  0103 39 39  92  85   87.340 
Krummel,Gregory    111154579 gkrummel 0103 39 40  81  79   81.550 
Linhard,Andrew     111244508 alinhard 0103 28 36  66  78   76.720 
Mille,Mark         110973157 mmille   0103 40 36 100  82   85.790 
Nathan,Eisha       111207107 nathane  0103 37 40  87  86   87.320 
Penny,John         111477906 jmpenny  0103 39 40  77  94   92.410 
Pozoulakis,Nichola 111246502 nickpoz  0103 39 40  92  93   93.540 
Rudnick-Cohen,Elio 111197644 erudnick 0103 39 40  63  81   80.800 
Silberholz,Steven  111861729 ssilberh 0103 38 36  77  86   85.620 
Stenborg,Maria     110907244 stenborg 0103 18 36  77  86   82.710 
Wang,Juntian       111216833 jwang113 0103 35 40  63  80   79.460 
Whitehead,Brandon  110365570 bwhitehe 0103 34 40  54  74   73.630 
Yan,Jessie         112186937 jyan7    0103 36 34  68  76   76.330 
