Abd_Salim_Nast,Sal 111226672 sal1992  0201 33 26  20  79   70.940 
Anfinrud,Simeon    111766796 sanfin   0201 35 40  91  70   75.420 
Ayyagari,Raja      111620838 raja     0201 40 40 100  95   96.210 
Burns,Max          111547821 mburns   0201 35 29  74  70   71.670 
Converse,Hayes     111259076 hconvers 0201 37 34  69  74   75.090 
Dugal,Benjamin     110729938 bendugal 0201 39 40  54  73   73.600 
Fletcher,Ray       111608041 rafletch 0201 36 28  96  71   75.200 
Haworth,Stephen    112220020 shaworth 0201 30 36  73  84   82.440 
Huang,Alvin        111239917 ahuang14 0201 29 35  65  68   69.020 
Jain,Parakh        111872459 parakh   0201 39 40  87  95   94.430 
Kelley,Erin        110580003 emkell2  0201 17 38  79  62   64.930 
Konanur,Pramod     110530565 pkonanur 0201 19 32  30  73   66.500 
Liu,Peter          111241392 pliu416  0201 20 34  54  50   52.540 
Madura,Kevin       111400973 kmadura  0201 34 34  40  75   71.750 
McCrea,Colton      111274567 camccrea 0201 39 30  67  72   73.030 
Nelson,Paige       111813735 pnels    0201 40 40  87  97   96.090 
Ramesh,Rohit       110132387 rohit507 0201 40 40  64  91   88.640 
Robins,Corey       111185399 crobins  0201  0 40  75  83   78.150 
Robusto,Joshua     110941965 jrobusto 0201 39  0  55  85   76.990 
Shumate,Benjamin   111081516 bshumate 0201 40 40 100  86   89.400 
Siegel,Jacob       111759026 jhsiegel 0201 37 36  49  87   82.700 
Singh,Navneet      111026555 singhn   0201 37 30  20  77   70.590 
Stephenson,Paul    111247066 paulstep 0201 38 32  91  87   87.560 
Stout,Joseph       110604228 jstout1  0201 39 33  81  79   80.530 
Valenta,Luke       112113230 lvalenta 0201 40 40  91  94   94.320 
Wang,Michael       111151257 myw1992  0201 33 39  64  73   73.840 
Wollman,Michael    110745501 mwollman 0201 38 40  96  87   89.360 
Wu,Billy           111248919 lwu12    0201 37 29  81  82   81.930 
