Ani,William        111124510 wani     0202  0  0   0   0    0.000 
Bloch,Pascal       111225309 pbloch   0202 23 30  40  43   45.330 
Byrd,Kyle          110052463 kbyrdman 0202 38 25  53  69   68.120 
Chhabra,Arjun      111206223 arjun1   0202 34 35  66  72   72.900 
Clough-Paez,Aaron  110071907 aac312   0202 22 31  35  73   67.420 
Cosiem,David       111231355 dcosiem  0202 28 28  73  74   73.410 
Duvall,Adam        111240838 aduvall  0202 11 34  20  39   38.610 
Haile,Kalabe       110663218 khaile   0202 20 30  69  56   58.400 
Hayhurst,Alexander 111546237 ahayhurs 0202 38 36  72  73   75.150 
Irish,Thomas       111229000 tirish   0202 38 35  78  90   88.630 
James,Komaron      110593492 kjames33 0202 34 17  50  60   59.170 
Khan,Shoaib        110919339 skhan126 0202 38 28  77  81   80.670 
Lee,Kevin          110650232 klee1211 0202 34 33  66  74   74.130 
Leo,Justin         110523550 jleo32   0202 20 32  64  83   78.500 
Martin,Sean        111157211 sdmart3  0202  0  0  54  57   49.980 
Mascone,Anthony    110349464 amascone 0202 21 26  72  58   59.850 
Mou,Xiaochun       112813338 xmou     0202  0  0   0   0    0.000 
Naviasky,Emily     111232864 enav     0202 28 38  91  80   81.680 
Oludemi,Oluwabori  112037444 ooludemi 0202 30 15  45  49   49.340 
Reichardt,Ian      111163137 ireichar 0202 22 34  64  76   73.790 
Rutkowski,Kristin  109761918 krutkows 0202 37 33  74  81   80.870 
Shaw,Danny         110980476 dshaw    0202 36 38  66  87   84.990 
Swann,Robert       111863303 rswann   0202 38 36 100  82   85.500 
Tarectecan,Peter   110654230 pater24  0202 36 24  65  58   60.860 
Turpie,Aharon      112137250 aturpie  0202 40 40   0  82   73.750 
Varkiani,Steven    111231645 svarkian 0202 25 40  57  82   78.760 
Vaughn,Patrick     111164417 pvaughn  0202 36 38  77  76   78.050 
Warshaw,William    111100538 wwarshaw 0202 33 36  79  94   91.200 
