Ahsan,Omar         111870158 oahsan   0203 40 40 100  94   95.460 
Baker,Jaclyn       111124206 jacbaker 0203 24 29  87  62   65.650 
Cabrera,David      111552979 dcabrer1 0203 38 27 100  72   76.610 
Catacora,Luis      111865567 lucataco 0203 34 28  20  58   55.480 
Chen,Felicia       111768561 fchen12  0203 22 27  91  91   87.530 
Chen,Weishin       111806515 wchen12  0203 39 33  74  63   67.530 
DiLosa,Andrew      111678440 adilosa  0203 32 34  68  70   71.200 
Heligman,Kathryn   111278923 kathrynh 0203 26 34  64  75   73.610 
James,Ryan         111789245 rjames13 0203 38 34  61  81   79.520 
Kapur,Arun         111278312 akapur92 0203 28 33  58  69   68.460 
Kwon,Chul          110591061 chulk90  0203 21 27  20  68   61.010 
Lally,Andrew       110943136 alally   0203 26 12  45  67   61.950 
Lin,Yuhau          111230839 lyuhau   0203 38 39  43  77   74.950 
Lotkowski,Jack     111688869 jlotkows 0203 36 19 100  79   80.460 
Lui,Man            110493839 mlui12   0203 40 32  50  67   67.530 
Monga,Rohit        111192809 rmonga1  0203 11 20  45  36   37.460 
Mullins,Johnathan  111280476 jmullins 0203 40  0  28  62   56.310 
Naval,Daniel       111827565 dnaval   0203 38 38  92  91   91.590 
Newell,Alejandro   111276561 anewell  0203 31 40  73  84   83.170 
Nishimura,Takako   110365419 takako   0203 40 40  77  89   88.770 
Persons,Ian        111822010 ipersons 0203 38 40   0  72   65.880 
Phlek,Philip       111119011 pphlek   0203 34 34 100  83   85.380 
Sweeney,David      111274888 dsweeney 0203 13  0  55  81   70.170 
Tau,David          111828913 alextau  0203 36 40  29  76   72.280 
Wang,Evan          112007522 evanwang 0203 40 40 100  85   88.640 
Weitzman,David     111174874 dweitz27 0203 25 32  85  95   90.970 
Wilkerson,Thomas   111170722 thomasw  0203 36 32  73  73   74.400 
Zimmerman,Robert   111703753 robertzi 0203 18 37 100  72   75.160 
