Yang,Minran,mingrany@andrew.cmu.edu
Ashok,Sachin,sachinashok.g@gmail.com
Han,Catherine,catherinehan@berkeley.edu
Yang,Rui,r3yang@eng.ucsd.edu
Saleem,Bilal,mbs10@nyu.edu
Cheng,Kaiming,mail : kc4jd@virginia.edu
Ukani,Alisha,alisha@college.harvard.edu
Cheng,Yihua,chengyihua@pku.edu.cn
Wang,Synthia,qwang@oberlin.edu
